-- phpMyAdmin SQL Dump
-- version 3.5.1
-- http://www.phpmyadmin.net
--
-- Хост: 127.0.0.1
-- Время создания: Июн 15 2015 г., 21:35
-- Версия сервера: 5.5.25
-- Версия PHP: 5.2.12

SET SQL_MODE="NO_AUTO_VALUE_ON_ZERO";
SET time_zone = "+00:00";


/*!40101 SET @OLD_CHARACTER_SET_CLIENT=@@CHARACTER_SET_CLIENT */;
/*!40101 SET @OLD_CHARACTER_SET_RESULTS=@@CHARACTER_SET_RESULTS */;
/*!40101 SET @OLD_COLLATION_CONNECTION=@@COLLATION_CONNECTION */;
/*!40101 SET NAMES utf8 */;

--
-- База данных: `droidland`
--

-- --------------------------------------------------------

--
-- Структура таблицы `articles`
--

CREATE TABLE IF NOT EXISTS `articles` (
  `id_art` int(11) NOT NULL AUTO_INCREMENT,
  `headline` varchar(255) NOT NULL,
  `name_company` varchar(225) NOT NULL,
  `category` varchar(100) NOT NULL,
  `sub_category` varchar(100) NOT NULL,
  `views` int(11) NOT NULL,
  `image` varchar(255) NOT NULL,
  `content` text NOT NULL,
  `art_date` varchar(255) NOT NULL,
  `size` varchar(255) NOT NULL,
  `version` varchar(255) NOT NULL,
  `downloads` int(10) NOT NULL,
  `pics` text NOT NULL,
  `link` varchar(255) NOT NULL,
  PRIMARY KEY (`id_art`)
) ENGINE=InnoDB  DEFAULT CHARSET=utf8 AUTO_INCREMENT=67 ;

--
-- Дамп данных таблицы `articles`
--

INSERT INTO `articles` (`id_art`, `headline`, `name_company`, `category`, `sub_category`, `views`, `image`, `content`, `art_date`, `size`, `version`, `downloads`, `pics`, `link`) VALUES
(11, '2048 Number Puzzle game', 'Estoty Entertaiment lab.', 'Games', 'Puzzles', 0, '../images/articles/1401212206.jpg', '<p>\r\n	The 2048 app is a fun, addictive and a very simple puzzle game. Join the numbers and get to the 2048 tile!</p>\r\n<p>\r\n	Smallest size app for 2048!</p>\r\n<p>\r\n	HOW TO PLAY:<br />\r\n	Swipe (Up, Down, Left, Right) to move the tiles. When two tiles with the same number touch, they merge into one. When 2048 tile is created, the player wins!</p>\r\n<p>\r\n	To access Leaderboard &amp; Achievements, you will have to sign in using google plus account. Make sure you have Google+ installed and enabled on your phone or tablet.</p>\r\n', '30 May 2014', '6.1', '2.2', 0, '../images/galleries/2048_Number_Puzzle_game/1401221948!../images/galleries/2048_Number_Puzzle_game/1401235186!../images/galleries/2048_Number_Puzzle_game/1401213187', 'https://dl-web.dropbox.com/get/Puzzles/2048_number_pussle.apk?_subject_uid=301120247&w=AAChlAybFKD7HDEfI8Ez3MbobweL2jvPpgEkyf2GlbdoZQ&dl=1'),
(12, 'Angry birds Star Wars II', 'Rovio mobile ltd', 'Games', 'Arcade', 0, '../images/articles/1401218017.jpg', '<p>\r\n	<span style="font-size:14px;"><span style="font-family: arial,helvetica,sans-serif;">The Force is strong with this one. Get ready for Angry Birds Star Wars II &ndash; the epic follow-up to the #1 smash hit game! Based on the Star Wars movie prequels, use the Force for good against the greedy Pork Federation or choose a much darker path. That&rsquo;s right; for the first time ever you can &ldquo;Join the Pork Side&rdquo; and play as the fearsome Darth Maul, Emperor Palpatine and many other favorites!</span></span></p>\r\n', '30 May 2014', '50', '2.3', 0, '../images/galleries/Angry_birds_Star_Wars_II/1401243723!../images/galleries/Angry_birds_Star_Wars_II/1401226341!../images/galleries/Angry_birds_Star_Wars_II/1401239819', 'https://dl-web.dropbox.com/get/Arcade/angry_birds_star_wars_ii_arcade.apk?_subject_uid=301120247&w=AAA3hNQm7LEL-NdPDe9I_RZftlPoT6Lnq4-kc4gvXNpRDg&dl=1'),
(13, 'Angry piggy', 'MPC Games', 'Games', 'Puzzles', 0, '../images/articles/1401218161.jpg', '<p>\r\n	<span style="font-size:14px;"><span style="font-family: arial,helvetica,sans-serif;">Enter this colorful adventure now with three cute animals!</span></span></p>\r\n<p>\r\n	<span style="font-size:14px;"><span style="font-family: arial,helvetica,sans-serif;">Remember the green pigs and the stupid birds in Angry Birds? This time, you&#39;ll meet cooler, cuter and smarter Piggy and Bird---Steezy and Haden! But they don&#39;t shoot and defend, instead, they are good friends now! What&#39;s more, a powerful cow Moochew joins this cool team to restore their home island.</span></span></p>\r\n<p>\r\n	<span style="font-size:14px;"><span style="font-family: arial,helvetica,sans-serif;">Why are they so angry? Because the monster stole the colors!!!</span></span></p>\r\n<p>\r\n	<span style="font-size:14px;"><span style="font-family: arial,helvetica,sans-serif;">Then what happens when a bird, a pig, and a cow team up? Find out in Piggy Adventure, the best cool and fun puzzle game for family, adults, students and children.</span></span></p>\r\n', '30 May 2014', '11', '2.2', 0, '../images/galleries/Angry_piggy/1401236566!../images/galleries/Angry_piggy/1401222955!../images/galleries/Angry_piggy/1401240028', 'https://dl-web.dropbox.com/get/Puzzles/angry_piggy_pussles.apk?_subject_uid=301120247&w=AADhvlpEwSTrEa1_621zjbknZsG0fEn0c4kWrskve4UMKw&dl=1'),
(14, 'Crazy Doctor', 'Canada Droid', 'Games', 'RPG', 0, '../images/articles/1401218336.jpg', '<p>\r\n	Can you SAVE the lives of your patients? Crazy Doctor is a totally new medical simulation game with smooth gestural controls lovingly handcrafted for your Android phones and tablets.<br />\r\n	Play Crazy Doctor and make a name for yourself by curing very ill ordinary people at the fictional hospital. This game is a unique mix of humorous game-play and terrifyingly realistic simulation. By using all kinds of crazy tools to treat various patients, you will gradually evolve from surgical interns to seasoned doctors.</p>\r\n', '30 May 2014', '13', '2.1', 0, '../images/galleries/Crazy_Doctor/1401225259!../images/galleries/Crazy_Doctor/1401234588!../images/galleries/Crazy_Doctor/1401231034', 'https://dl-web.dropbox.com/get/RPG/crazy_doctor_rpg.apk?_subject_uid=301120247&w=AADjBcDRNqJlgyols-TLa72scsV-E9-daby-NoXT9qCgkQ&dl=1'),
(15, 'Cut the rope 2', 'ZeptoLab', 'Games', 'Puzzles', 0, '../images/articles/1401218482.jpg', '<p>\r\n	SWEET! Cut the Rope 2 has arrived and you can enjoy the full adventure for FREE!<br />\r\n	Cut the Rope 2 brings fresh challenges and unanticipated obstacles to the candy crunching, physics-based phenomenon that has delighted millions of players around the world! If you like Cut the Rope, you&rsquo;ll love Cut the Rope 2!</p>\r\n', '30 May 2014', '42', '2.2', 0, '../images/galleries/Cut_the_rope_2/1401227502!../images/galleries/Cut_the_rope_2/1401249400!../images/galleries/Cut_the_rope_2/1401227214', 'https://dl-web.dropbox.com/get/Arcade/cut_the_rope_2_arcade.apk?_subject_uid=301120247&w=AABRmDh-pa-_RFNj_-kvFSw5bdpLmwalsTaD62GkRSZbbw&dl=1'),
(28, 'Tower Blocks 2', 'gamecls', 'Games', 'Puzzles', 0, '../images/articles/1401485734.jpg', '<p>\r\n	asdasdv</p>\r\n', '31 May 2014', '10', '4.4', 0, '../images/galleries/Tower_Blocks_2/1401496631!../images/galleries/Tower_Blocks_2/1401517980!../images/galleries/Tower_Blocks_2/1401503646', 'weaf'),
(30, 'Hungry Shark', 'gamecls', 'Games', 'Puzzles', 0, '../images/articles/1401530761.jpg', '<p>\r\n	\ZSFG</p>\r\n', '31 May 2014', '6.5', '2.3', 0, '../images/galleries/Hungry_Shark/1401541086!../images/galleries/Hungry_Shark/1401560455!../images/galleries/Hungry_Shark/1401541244', 'AZRG'),
(31, 'Tetris Clearwater', 'Revival VMgames.com', 'Games', 'Puzzles', 0, '../images/articles/1401530828.jpg', '<p>\r\n	DXHG</p>\r\n', '31 May 2014', '0.4', '2.2', 0, '../images/galleries/Tetris_Clearwater/1401534233!../images/galleries/Tetris_Clearwater/1401551310!../images/galleries/Tetris_Clearwater/1401554656', 'AGSF'),
(32, 'Unblock Me', 'Kiragames Co., Ltd.', 'Games', 'Puzzles', 0, '../images/articles/1401530897.jpg', '<p>\r\n	ZGHN</p>\r\n', '31 May 2014', '20', '2.2', 0, '../images/galleries/Unblock_Me/1401551557!../images/galleries/Unblock_Me/1401556719!../images/galleries/Unblock_Me/1401561700', 'XGHD'),
(33, 'Bad Piggies HD', 'Rovio mobile ltd', 'Games', 'Puzzles', 0, '../images/articles/1401531171.jpg', '<p>\r\n	ZFDGHG</p>\r\n', '31 May 2014', '36', '2.3', 0, '../images/galleries/Bad_Piggies_HD/1401562103!../images/galleries/Bad_Piggies_HD/1401553292!../images/galleries/Bad_Piggies_HD/1401536510!../images/galleries/Bad_Piggies_HD/1401550463!../images/galleries/Bad_Piggies_HD/1401563934!../images/galleries/Bad_Piggies_HD/1401546744', 'SDGFXDGHSD'),
(36, 'Age of Warring Empire', 'Silent Ocean', 'Games', 'Strategy', 0, '../images/articles/1401724812.jpg', '<p>\r\n	dndghm</p>\r\n', '02 June 2014', '38', '2.2', 0, '../images/galleries/Age_of_Warring_Empire/1401750583!../images/galleries/Age_of_Warring_Empire/1401747496!../images/galleries/Age_of_Warring_Empire/1401734086', 'https://dl-web.dropbox.com/get/Strategy/age_of_warring_empire.apk?_subject_uid=301120247&w=AAD7EfkfYcSzfVZNeKI1xaa2EM1g7UvZxz1hfOP2ewHCEw&dl=1'),
(37, 'Batman &amp; The Flash Hero Run', 'GREE, Inc', 'Games', 'Action', 0, '../images/articles/1401725019.jpg', '<br />\r\n', '02 June 2014', '43', '2.3', 0, '../images/galleries/Batman_&amp;_The_Flash_Hero_Run/1401726545!../images/galleries/Batman_&amp;_The_Flash_Hero_Run/1401736787!../images/galleries/Batman_&amp;_The_Flash_Hero_Run/1401726144', 'https://dl-web.dropbox.com/get/Action/batman_and_flash_action.apk?_subject_uid=301120247&w=AADZ-XxUrWbkoUH26PT3Gnu0sxphyILOBVii9vNNT_wdnA&dl=1'),
(38, 'Battle Islands', '505 Games Slr', 'Games', 'Strategy', 0, '../images/articles/1401725200.jpg', '<p>\r\n	dfsbdfb</p>\r\n', '02 June 2014', '33', '2.3', 0, '../images/galleries/Battle_Islands/1401748658!../images/galleries/Battle_Islands/1401729348!../images/galleries/Battle_Islands/1401733377', 'https://dl-web.dropbox.com/get/Strategy/battle_islands.apk?_subject_uid=301120247&w=AACN_z5X-WtkJIjIQNC7p7KJqO5prMjB6rTBzluGlrv2_w&dl=1'),
(39, 'Castle Defense', 'Elite Games', 'Games', 'Strategy', 0, '../images/articles/1401725264.jpg', '<p>\r\n	uvkhuk</p>\r\n', '02 June 2014', '15', '2.2', 0, '../images/galleries/Castle_Defense/1401740566!../images/galleries/Castle_Defense/1401755864!../images/galleries/Castle_Defense/1401739269', 'https://dl-web.dropbox.com/get/Strategy/castke_defense.apk?_subject_uid=301120247&w=AABBZqHX3LrLj7w_P9TtCMWLfIGMIJ41XhaV8XGglJ5e9Q&dl=1'),
(40, 'Colonies vs empire', 'Flying Beagle', 'Games', 'Strategy', 0, '../images/articles/1401725529.jpg', '<p>\r\n	ykfkfk</p>\r\n', '02 June 2014', '29', '3.0', 0, '../images/galleries/Colonies_vs_empire/1401726935!../images/galleries/Colonies_vs_empire/1401732813!../images/galleries/Colonies_vs_empire/1401727775', 'https://dl-web.dropbox.com/get/Strategy/colonies_vs_empire.apk?_subject_uid=301120247&w=AAAkIY8PujYS3EnCqiYgKSZw8mfHinex_UuF6v4KTeSA1Q&dl=1'),
(41, 'Corsair''s Jewels Saga', 'Hectopixel - Free Jewel Games', 'Games', 'Board games', 0, '../images/articles/1401725983.jpg', '<p>\r\n	gtmxgfmxm</p>\r\n', '02 June 2014', '16', '2.2', 0, '../images/galleries/Corsair''s_Jewels_Saga/1401757482!../images/galleries/Corsair''s_Jewels_Saga/1401734043!../images/galleries/Corsair''s_Jewels_Saga/1401730489', 'https://dl-web.dropbox.com/get/Board%20Games/corsairs_jewels.apk?_subject_uid=301120247&w=AABRc1Hw7kcrW_eP1vcnoDsb2mDH6LWYvs0c4DYcQMn5YA&dl=1'),
(42, 'Dante Zomventure', 'BillionApps Inc.', 'Games', 'Action', 0, '../images/articles/1401727620.jpg', '<p>\r\n	dsvbsdfb</p>\r\n', '02 June 2014', '8,5', '2.1', 0, '../images/galleries/Dante_Zomventure/1401735065!../images/galleries/Dante_Zomventure/1401738306!../images/galleries/Dante_Zomventure/1401730616', 'https://dl-web.dropbox.com/get/Action/dante_zomventure.apk?_subject_uid=301120247&w=AAChPOaMTcxuEmm0tKaJkP5M48Ct8nAWqdH2CeCjIA0odg&dl=1'),
(43, 'Dr. Chess', 'SUD INC.', 'Games', 'Board games', 0, '../images/articles/1401727781.jpg', '<p>\r\n	fgndf</p>\r\n', '02 June 2014', '4,5', '2.3', 0, '../images/galleries/Dr._Chess/1401738715!../images/galleries/Dr._Chess/1401729136!../images/galleries/Dr._Chess/1401759714', 'https://dl-web.dropbox.com/get/Board%20Games/dr_chess.apk?_subject_uid=301120247&w=AACJtLdFmQLAOvfLAMAc_IEKsvxuzjKEB_Wxgjz6m9f4eA&dl=1'),
(44, 'Dr. Reversi', 'SUD Inc.', 'Games', 'Board games', 0, '../images/articles/1401728004.jpg', '<p>\r\n	gnsfgn</p>\r\n', '02 June 2014', '4', '2.3', 0, '../images/galleries/Dr._Reversi/1401752242!../images/galleries/Dr._Reversi/1401741799!../images/galleries/Dr._Reversi/1401760121', 'https://dl-web.dropbox.com/get/Board%20Games/dr_reversi.apk?_subject_uid=301120247&w=AAAYCN4dr-xWQfNZEO7xDvF4uquRVCQdLBZSeA1gr17AoA&dl=1'),
(45, 'Empire Defense II', 'GoodTeam', 'Games', 'Strategy', 0, '../images/articles/1401728150.jpg', '<p>\r\n	dhmdfhmhgm</p>\r\n', '02 June 2014', '19', '2.1', 0, '../images/galleries/Empire_Defense_II/1401729893!../images/galleries/Empire_Defense_II/1401731099!../images/galleries/Empire_Defense_II/1401741101', 'https://dl-web.dropbox.com/get/Strategy/empire_defense.apk?_subject_uid=301120247&w=AABF_PK6hZSKUU2SgVKDnCQ_wX5LiAlD8DjX2cKx_V2j8A&dl=1'),
(46, 'Garden Troopers', 'Ice cat studio', 'Games', 'Board games', 0, '../images/articles/1401728473.jpg', '<p>\r\n	fufulufyulfu</p>\r\n', '02 June 2014', '6', '2.1', 0, '../images/galleries/Garden_Troopers/1401759874!../images/galleries/Garden_Troopers/1401755144!../images/galleries/Garden_Troopers/1401732521', 'https://dl-web.dropbox.com/get/Board%20Games/garden_troopers.apk?_subject_uid=301120247&w=AABeqbppDtRToOADoGL6zpwew_BnJlcjh9EVx0Hrl0byLg&dl=1'),
(47, 'Gravitation game', 'Droidaware', 'Games', 'Board games', 0, '../images/articles/1401728551.jpg', '<p>\r\n	sgn</p>\r\n', '02 June 2014', '1', '1.5', 0, '../images/galleries/Gravitation_game/1401756524!../images/galleries/Gravitation_game/1401744066!../images/galleries/Gravitation_game/1401755635', 'https://dl-web.dropbox.com/get/Board%20Games/gravitacion_game.apk?_subject_uid=301120247&w=AAC0gTTtYt7pmolPhiybxZYukbtvVNxTJfw5KYbVMuSCjw&dl=1'),
(48, 'Humans vs zombies', 'Mindray Tech Games', 'Games', 'Strategy', 0, '../images/articles/1401728645.jpg', '<p>\r\n	tssthsthh</p>\r\n', '02 June 2014', '22.5', '2.2', 0, '../images/galleries/Humans_vs_zombies/1401743295!../images/galleries/Humans_vs_zombies/1401756165!../images/galleries/Humans_vs_zombies/1401751399', 'https://dl-web.dropbox.com/get/Strategy/humans_vs_zombies.apk?_subject_uid=301120247&w=AADPZYa-KkqeKFw-4YI9_1NcFzh6YqN_XQNq4zGuvNjo9w&dl=1'),
(49, 'Labyrinth Pro', 'Arthur Darbinyan', 'Games', 'Board games', 0, '../images/articles/1401728729.jpg', '<p>\r\n	dnfndfnd</p>\r\n', '02 June 2014', '20.5', '2.3', 0, '../images/galleries/Labyrinth_Pro/1401756230!../images/galleries/Labyrinth_Pro/1401737851!../images/galleries/Labyrinth_Pro/1401743117', 'https://dl-web.dropbox.com/get/Board%20Games/labyrinth_pro.apk?_subject_uid=301120247&w=AADASqYzCzRAc77cTnwnecYqoSuzJ_Y6BBRBdTGphzc82w&dl=1'),
(50, 'Mini Golf MatchUp', 'Scopely', 'Games', 'Sport games', 0, '../images/articles/1401728890.jpg', '<p>\r\n	dgndfgn</p>\r\n', '02 June 2014', '49', '4.0', 0, '../images/galleries/Mini_Golf_MatchUp/1401757295!../images/galleries/Mini_Golf_MatchUp/1401756845!../images/galleries/Mini_Golf_MatchUp/1401750656', 'https://dl-web.dropbox.com/get/Sport%20games/minigolf_match_up.apk?_subject_uid=302096514&w=AADfZ9053BYeHkiSzWcAEwT-7kyfpM64B-8MLMODYGmQ_w&dl=1'),
(51, 'Swap The Box USA', 'GameVille Studio', 'Games', 'Strategy', 0, '../images/articles/1401729540.jpg', '<p>\r\n	sfrsnngfn</p>\r\n', '02 June 2014', '4', '2.1', 0, '../images/galleries/Swap_The_Box_USA/1401746253!../images/galleries/Swap_The_Box_USA/1401744467!../images/galleries/Swap_The_Box_USA/1401747828', 'https://dl-web.dropbox.com/get/Strategy/swap_the_box_usa.apk?_subject_uid=301120247&w=AADnXfQFzFBhhXJCIIJWUzl-iOcW9B4O-MITX2sbSHU7uA&dl=1'),
(52, 'Throne rush', 'NEXTERS LIMITED', 'Games', 'Strategy', 0, '../images/articles/1401729628.jpg', '<p>\r\n	ghmdfgfgm</p>\r\n', '02 June 2014', '45,3', '4.0', 0, '../images/galleries/Throne_rush/1401748961!../images/galleries/Throne_rush/1401739431!../images/galleries/Throne_rush/1401750665', 'https://dl-web.dropbox.com/get/Strategy/throne_rush.apk?_subject_uid=301120247&w=AACum2Ftje0q-K3MRZeZPIDeLLjM812ownvxEP1T4WY6Jg&dl=1'),
(53, 'TimeQuest Slots', 'Ruby Seven Studios Inc.', 'Games', '', 0, '../images/articles/1401730430.jpg', '<p>\r\n	dfgnsgn</p>\r\n', '15 June 2015', '38,42', '2.3', 0, '../images/galleries/TimeQuest_Slots/1401758164!../images/galleries/TimeQuest_Slots/1401731670!../images/galleries/TimeQuest_Slots/1401747268', 'http://cs03.superfiles.me/f/084123074206216242014251063067224027100176011242227182/1434361056/57388963/0/31260d40efea1d9f6f48b98cefd01eab/TurboFly_HD_Rus_2.11-spaces.ru.apk'),
(54, 'New Game', 'Best Appzzzz', 'Programs', 'Shooter', 0, '../images/articles/no-image.png', '<p>\r\n	fadvg</p>\r\n', '07 August 2014', '21', '1.5', 0, '', 'zdfvg'),
(65, 'Новая Игра Ура!', 'ыпиывпиып', 'Games', 'Sport games', 0, '../images/articles/1434379374.jpg', '<p>\r\n	ыапивпивапиваиывиывип</p>\r\n', '15 June 2015', '23', '2.1', 0, '', 'ываиываиываиываиыви'),
(66, 'Супер игра Маргариты!', 'Margarita co', 'Games', 'Puzzles', 0, '../images/articles/1434383902.jpg', '<p>\r\n	Buhfnm dctv!</p>\r\n', '15 June 2015', '12', '4.4', 0, '../images/galleries/Super_igra_Margarity/1434416397!../images/galleries/Super_igra_Margarity/1434400175!../images/galleries/Super_igra_Margarity/1434404924!../images/galleries/Super_igra_Margarity/1434395719', 'ersefbsbsb');

-- --------------------------------------------------------

--
-- Структура таблицы `categories`
--

CREATE TABLE IF NOT EXISTS `categories` (
  `id_cat` int(11) NOT NULL AUTO_INCREMENT,
  `name` varchar(30) NOT NULL,
  `translit` varchar(30) NOT NULL,
  PRIMARY KEY (`id_cat`)
) ENGINE=InnoDB  DEFAULT CHARSET=utf8 AUTO_INCREMENT=5 ;

--
-- Дамп данных таблицы `categories`
--

INSERT INTO `categories` (`id_cat`, `name`, `translit`) VALUES
(1, 'Программы', 'Programs'),
(2, 'Живые обои', 'Wpapers'),
(3, 'Игры', 'Games'),
(4, 'Книги', 'Books');

-- --------------------------------------------------------

--
-- Структура таблицы `comments`
--

CREATE TABLE IF NOT EXISTS `comments` (
  `id` int(10) NOT NULL AUTO_INCREMENT,
  `id_art` int(20) NOT NULL,
  `name` varchar(255) NOT NULL,
  `text` text NOT NULL,
  `date` varchar(255) NOT NULL,
  PRIMARY KEY (`id`)
) ENGINE=InnoDB  DEFAULT CHARSET=utf8 AUTO_INCREMENT=15 ;

--
-- Дамп данных таблицы `comments`
--

INSERT INTO `comments` (`id`, `id_art`, `name`, `text`, `date`) VALUES
(1, 53, 'Vasja', 'Fuck you Son of a Bitch!!!!', '05.06.2014 10:09 pm'),
(5, 53, 'Petja', 'dfbdfnbdfn', '05.06.2014 10:35 pm'),
(6, 53, 'ASDF', 'Its the most powerfull source of Android applications! God bless you!', '05.06.2014 10:37 pm'),
(7, 49, 'Petja', 'Blya!!!! Sukoy budu a skachayu!!!', '19.06.2014 07:53 pm'),
(8, 49, 'Vasja', '', '19.06.2014 09:10 pm'),
(9, 49, 'Vasja', 'Free android games? Download them right now! Android devices become more popular every day, now you can find hundreds of tablet games on Android market. But unfortunately most of them are demos and after you pass a few levels you should have to buy full version. Certainly, you can also find many other sites with Android games but some part of their content may spread viruses and be dangerous for your gadgets. At Droidland.com we test all files before adding to the site, so you don''t have to worry - your devices won''t be damaged! Our Andriod collection is constantly updated, we always try to add only the most addictive games for Android. You will not be bored anymore: take part in desperate racing, hard-boiled action or ruling the kingdom. Due to the powerful specs of modern mobile devices, developers can create real virtual worlds in your hands! Here is a tip: if you download free games for Android tablet, for the best performance choose hd apps. You will be able to appreciate the power of new technologies and to immerse themselves in gameplay. Get any Android game right now! To view best Android games and top 10 just sort games by Popularity. Attention! All content at Droidland.com was found freely distributed on the internet and is presented for informational purposes only. By downloading any game for Android at our site, you agree to familiarize and remove it. Follow us on Facebook - we have the largest collection of Android games! And our weekly updated Youtube channel with Android game reviews will help you to play the best!', '19.06.2014 09:11 pm'),
(10, 49, 'ASDF', 'Free android games? Download them right now! Android devices become more popular every day, now you can find hundreds of tablet games on Android market. But unfortunately most of them are demos and after you pass a few levels you should have to buy full version. Certainly, you can also find many other sites with Android games but some part of their content may spread viruses and be dangerous for your gadgets. At Droidland.com we test all files before adding to the site, so you don''t have to worry - your devices won''t be damaged! Our Andriod collection is constantly updated, we always try to add only the most add', '19.06.2014 09:24 pm'),
(11, 49, 'sfscf', 'roid games? Download them right now! Android devices become more popular every day, now you can find hundreds of tablet games on Android market. But unfortunately most of them are demos and after you pass a few levels you should have to buy full version. Certainly, you can also find many other sites with Android games but some part of their content may spread viruses and be dangerous for your gadgets. At Droidland.com we test all files before adding to t', '19.06.2014 09:25 pm'),
(12, 49, 'cvb', 'es? Download them right now! Android devices become more popular every day, now you can find hundreds of tablet games on Android market. But unfortunately most of them are demos and after you pass a few levels you should have to buy full version. Certainly, you can also find many other sites with Android games but some part of their content ma', '19.06.2014 09:25 pm'),
(13, 49, 'dzfc', 'es? Download them right now! Android devices become more popular every day, now you can find hundreds of tablet games on Android market. But unfortunately most of them are demos and after you pass a few levels you should have to buy full version. Certainly, you can also find many other sites with Android games but some part of their content ma', '19.06.2014 09:25 pm'),
(14, 49, 'dzfc', '', '19.06.2014 10:13 pm');

-- --------------------------------------------------------

--
-- Структура таблицы `countries`
--

CREATE TABLE IF NOT EXISTS `countries` (
  `cc_iso` varchar(2) NOT NULL,
  `tld` varchar(3) NOT NULL,
  `country_name` varchar(100) NOT NULL
) ENGINE=InnoDB DEFAULT CHARSET=utf8;

--
-- Дамп данных таблицы `countries`
--

INSERT INTO `countries` (`cc_iso`, `tld`, `country_name`) VALUES
('AW', '.aw', 'Aruba'),
('AG', '.ag', 'Antigua and Barbuda'),
('AE', '.ae', 'United Arab Emirates'),
('AF', '.af', 'Afghanistan'),
('DZ', '.dz', 'Algeria'),
('AZ', '.az', 'Azerbaijan'),
('AL', '.al', 'Albania'),
('AM', '.am', 'Armenia'),
('AD', '.ad', 'Andorra'),
('AO', '.ao', 'Angola'),
('AS', '.as', 'American Samoa'),
('AR', '.ar', 'Argentina'),
('AU', '.au', 'Australia'),
('-', '-', 'Ashmore and Cartier Islands'),
('AT', '.at', 'Austria'),
('AI', '.ai', 'Anguilla'),
('AX', '.ax', 'Aland Islands'),
('AQ', '.aq', 'Antarctica'),
('BH', '.bh', 'Bahrain'),
('BB', '.bb', 'Barbados'),
('BW', '.bw', 'Botswana'),
('BM', '.bm', 'Bermuda'),
('BE', '.be', 'Belgium'),
('BS', '.bs', 'Bahamas, The'),
('BD', '.bd', 'Bangladesh'),
('BZ', '.bz', 'Belize'),
('BA', '.ba', 'Bosnia and Herzegovina'),
('BO', '.bo', 'Bolivia'),
('MM', '.mm', 'Myanmar'),
('BJ', '.bj', 'Benin'),
('BY', '.by', 'Belarus'),
('SB', '.sb', 'Solomon Islands'),
('-', '-', 'Navassa Island'),
('BR', '.br', 'Brazil'),
('-', '-', 'Bassas da India'),
('BT', '.bt', 'Bhutan'),
('BG', '.bg', 'Bulgaria'),
('BV', '.bv', 'Bouvet Island'),
('BN', '.bn', 'Brunei'),
('BI', '.bi', 'Burundi'),
('CA', '.ca', 'Canada'),
('KH', '.kh', 'Cambodia'),
('TD', '.td', 'Chad'),
('LK', '.lk', 'Sri Lanka'),
('CG', '.cg', 'Congo, Republic of the'),
('CD', '.cd', 'Congo, Democratic Republic of the'),
('CN', '.cn', 'China'),
('CL', '.cl', 'Chile'),
('KY', '.ky', 'Cayman Islands'),
('CC', '.cc', 'Cocos (Keeling) Islands'),
('CM', '.cm', 'Cameroon'),
('KM', '.km', 'Comoros'),
('CO', '.co', 'Colombia'),
('MP', '.mp', 'Northern Mariana Islands'),
('-', '-', 'Coral Sea Islands'),
('CR', '.cr', 'Costa Rica'),
('CF', '.cf', 'Central African Republic'),
('CU', '.cu', 'Cuba'),
('CV', '.cv', 'Cape Verde'),
('CK', '.ck', 'Cook Islands'),
('CY', '.cy', 'Cyprus'),
('DK', '.dk', 'Denmark'),
('DJ', '.dj', 'Djibouti'),
('DM', '.dm', 'Dominica'),
('UM', '-', 'Jarvis Island'),
('DO', '.do', 'Dominican Republic'),
('-', '-', 'Dhekelia Sovereign Base Area'),
('EC', '.ec', 'Ecuador'),
('EG', '.eg', 'Egypt'),
('IE', '.ie', 'Ireland'),
('GQ', '.gq', 'Equatorial Guinea'),
('EE', '.ee', 'Estonia'),
('ER', '.er', 'Eritrea'),
('SV', '.sv', 'El Salvador'),
('ET', '.et', 'Ethiopia'),
('-', '-', 'Europa Island'),
('CZ', '.cz', 'Czech Republic'),
('GF', '.gf', 'French Guiana'),
('FI', '.fi', 'Finland'),
('FJ', '.fj', 'Fiji'),
('FK', '.fk', 'Falkland Islands (Islas Malvinas)'),
('FM', '.fm', 'Micronesia, Federated States of'),
('FO', '.fo', 'Faroe Islands'),
('PF', '.pf', 'French Polynesia'),
('UM', '-', 'Baker Island'),
('FR', '.fr', 'France'),
('TF', '.tf', 'French Southern and Antarctic Lands'),
('GM', '.gm', 'Gambia, The'),
('GA', '.ga', 'Gabon'),
('GE', '.ge', 'Georgia'),
('GH', '.gh', 'Ghana'),
('GI', '.gi', 'Gibraltar'),
('GD', '.gd', 'Grenada'),
('-', '.gg', 'Guernsey'),
('GL', '.gl', 'Greenland'),
('DE', '.de', 'Germany'),
('-', '-', 'Glorioso Islands'),
('GP', '.gp', 'Guadeloupe'),
('GU', '.gu', 'Guam'),
('GR', '.gr', 'Greece'),
('GT', '.gt', 'Guatemala'),
('GN', '.gn', 'Guinea'),
('GY', '.gy', 'Guyana'),
('-', '-', 'Gaza Strip'),
('HT', '.ht', 'Haiti'),
('HK', '.hk', 'Hong Kong'),
('HM', '.hm', 'Heard Island and McDonald Islands'),
('HN', '.hn', 'Honduras'),
('UM', '-', 'Howland Island'),
('HR', '.hr', 'Croatia'),
('HU', '.hu', 'Hungary'),
('IS', '.is', 'Iceland'),
('ID', '.id', 'Indonesia'),
('IM', '.im', 'Isle of Man'),
('IN', '.in', 'India'),
('IO', '.io', 'British Indian Ocean Territory'),
('-', '-', 'Clipperton Island'),
('IR', '.ir', 'Iran'),
('IL', '.il', 'Israel'),
('IT', '.it', 'Italy'),
('CI', '.ci', 'Cote d''Ivoire'),
('IQ', '.iq', 'Iraq'),
('JP', '.jp', 'Japan'),
('JE', '.je', 'Jersey'),
('JM', '.jm', 'Jamaica'),
('SJ', '-', 'Jan Mayen'),
('JO', '.jo', 'Jordan'),
('UM', '-', 'Johnston Atoll'),
('-', '-', 'Juan de Nova Island'),
('KE', '.ke', 'Kenya'),
('KG', '.kg', 'Kyrgyzstan'),
('KP', '.kp', 'Korea, North'),
('UM', '-', 'Kingman Reef'),
('KI', '.ki', 'Kiribati'),
('KR', '.kr', 'Korea, South'),
('CX', '.cx', 'Christmas Island'),
('KW', '.kw', 'Kuwait'),
('KV', '-', 'Kosovo'),
('KZ', '.kz', 'Kazakhstan'),
('LA', '.la', 'Laos'),
('LB', '.lb', 'Lebanon'),
('LV', '.lv', 'Latvia'),
('LT', '.lt', 'Lithuania'),
('LR', '.lr', 'Liberia'),
('SK', '.sk', 'Slovakia'),
('UM', '-', 'Palmyra Atoll'),
('LI', '.li', 'Liechtenstein'),
('LS', '.ls', 'Lesotho'),
('LU', '.lu', 'Luxembourg'),
('LY', '.ly', 'Libyan Arab'),
('MG', '.mg', 'Madagascar'),
('MQ', '.mq', 'Martinique'),
('MO', '.mo', 'Macau'),
('MD', '.md', 'Moldova, Republic of'),
('YT', '.yt', 'Mayotte'),
('MN', '.mn', 'Mongolia'),
('MS', '.ms', 'Montserrat'),
('MW', '.mw', 'Malawi'),
('ME', '.me', 'Montenegro'),
('MK', '.mk', 'The Former Yugoslav Republic of Macedonia'),
('ML', '.ml', 'Mali'),
('MC', '.mc', 'Monaco'),
('MA', '.ma', 'Morocco'),
('MU', '.mu', 'Mauritius'),
('UM', '-', 'Midway Islands'),
('MR', '.mr', 'Mauritania'),
('MT', '.mt', 'Malta'),
('OM', '.om', 'Oman'),
('MV', '.mv', 'Maldives'),
('MX', '.mx', 'Mexico'),
('MY', '.my', 'Malaysia'),
('MZ', '.mz', 'Mozambique'),
('NC', '.nc', 'New Caledonia'),
('NU', '.nu', 'Niue'),
('NF', '.nf', 'Norfolk Island'),
('NE', '.ne', 'Niger'),
('VU', '.vu', 'Vanuatu'),
('NG', '.ng', 'Nigeria'),
('NL', '.nl', 'Netherlands'),
('', '', 'No Man''s Land'),
('NO', '.no', 'Norway'),
('NP', '.np', 'Nepal'),
('NR', '.nr', 'Nauru'),
('SR', '.sr', 'Suriname'),
('AN', '.an', 'Netherlands Antilles'),
('NI', '.ni', 'Nicaragua'),
('NZ', '.nz', 'New Zealand'),
('PY', '.py', 'Paraguay'),
('PN', '.pn', 'Pitcairn Islands'),
('PE', '.pe', 'Peru'),
('-', '-', 'Paracel Islands'),
('-', '-', 'Spratly Islands'),
('PK', '.pk', 'Pakistan'),
('PL', '.pl', 'Poland'),
('PA', '.pa', 'Panama'),
('PT', '.pt', 'Portugal'),
('PG', '.pg', 'Papua New Guinea'),
('PW', '.pw', 'Palau'),
('GW', '.gw', 'Guinea-Bissau'),
('QA', '.qa', 'Qatar'),
('RE', '.re', 'Reunion'),
('RS', '.rs', 'Serbia'),
('MH', '.mh', 'Marshall Islands'),
('MF', '-', 'Saint Martin'),
('RO', '.ro', 'Romania'),
('PH', '.ph', 'Philippines'),
('PR', '.pr', 'Puerto Rico'),
('RU', '.ru', 'Russia'),
('RW', '.rw', 'Rwanda'),
('SA', '.sa', 'Saudi Arabia'),
('PM', '.pm', 'Saint Pierre and Miquelon'),
('KN', '.kn', 'Saint Kitts and Nevis'),
('SC', '.sc', 'Seychelles'),
('ZA', '.za', 'South Africa'),
('SN', '.sn', 'Senegal'),
('SH', '.sh', 'Saint Helena'),
('SI', '.si', 'Slovenia'),
('SL', '.sl', 'Sierra Leone'),
('SM', '.sm', 'San Marino'),
('SG', '.sg', 'Singapore'),
('SO', '.so', 'Somalia'),
('ES', '.es', 'Spain'),
('LC', '.lc', 'Saint Lucia'),
('SD', '.sd', 'Sudan'),
('SJ', '.sj', 'Svalbard'),
('SE', '.se', 'Sweden'),
('GS', '.gs', 'South Georgia and the Islands'),
('SY', '.sy', 'Syrian Arab Republic'),
('CH', '.ch', 'Switzerland'),
('TT', '.tt', 'Trinidad and Tobago'),
('-', '-', 'Tromelin Island'),
('TH', '.th', 'Thailand'),
('TJ', '.tj', 'Tajikistan'),
('TC', '.tc', 'Turks and Caicos Islands'),
('TK', '.tk', 'Tokelau'),
('TO', '.to', 'Tonga'),
('TG', '.tg', 'Togo'),
('ST', '.st', 'Sao Tome and Principe'),
('TN', '.tn', 'Tunisia'),
('TL', '.tl', 'East Timor'),
('TR', '.tr', 'Turkey'),
('TV', '.tv', 'Tuvalu'),
('TW', '.tw', 'Taiwan'),
('TM', '.tm', 'Turkmenistan'),
('TZ', '.tz', 'Tanzania, United Republic of'),
('UG', '.ug', 'Uganda'),
('GB', '.uk', 'United Kingdom'),
('UA', '.ua', 'Ukraine'),
('US', '.us', 'United States'),
('BF', '.bf', 'Burkina Faso'),
('UY', '.uy', 'Uruguay'),
('UZ', '.uz', 'Uzbekistan'),
('VC', '.vc', 'Saint Vincent and the Grenadines'),
('VE', '.ve', 'Venezuela'),
('VG', '.vg', 'British Virgin Islands'),
('VN', '.vn', 'Vietnam'),
('VI', '.vi', 'Virgin Islands (US)'),
('VA', '.va', 'Holy See (Vatican City)'),
('NA', '.na', 'Namibia'),
('-', '-', 'West Bank'),
('WF', '.wf', 'Wallis and Futuna'),
('EH', '.eh', 'Western Sahara'),
('UM', '-', 'Wake Island'),
('WS', '.ws', 'Samoa'),
('SZ', '.sz', 'Swaziland'),
('CS', '.yu', 'Serbia and Montenegro'),
('YE', '.ye', 'Yemen'),
('ZM', '.zm', 'Zambia'),
('ZW', '.zw', 'Zimbabwe');

-- --------------------------------------------------------

--
-- Структура таблицы `phone`
--

CREATE TABLE IF NOT EXISTS `phone` (
  `phones` varchar(255) NOT NULL,
  `phone_model` varchar(255) NOT NULL,
  `phone_android` varchar(255) NOT NULL
) ENGINE=InnoDB DEFAULT CHARSET=utf8;

--
-- Дамп данных таблицы `phone`
--

INSERT INTO `phone` (`phones`, `phone_model`, `phone_android`) VALUES
('Samsung', 'Galaxy Spica GT-I5700', '1.5'),
('Samsung', 'GT-I7500', '1.5'),
('Motorola', 'BACKFLIP', '1.5'),
('Motorola', 'Dext', '1.5'),
('Motorola', 'Quench', '1.5'),
('LG', 'GW620', '1.5'),
('HTC', 'Hero', '1.5'),
('HTC', 'Hero CDMA', '1.5'),
('HTC', 'Magic', '1.5'),
('HTC', 'T-Mobile G1', '1.5'),
('Highscreen', 'PP5420', '1.5'),
('Highscreen', 'Zeus', '1.5'),
('Acer', 'beTouch E110', '1.5'),
('Motorola', 'Droid', '2.0'),
('Acer', 'beTouch E400', '2.1'),
('Acer', 'Liquid E Ferrari', '2.1'),
('Acer', 'Liquid E', '2.1'),
('Acer', 'Stream', '2.1'),
('Alcatel', 'OT-890', '2.1'),
('Alcatel', 'OT-980', '2.1'),
('Garmin-Asus', 'A10', '2.1'),
('Garmin-Asus', 'nuvifone A50', '2.1'),
('HTC', 'Aria', '2.1'),
('HTC', 'Desire', '2.1'),
('HTC', 'Droid Incredible', '2.1'),
('HTC', 'EVO 4G', '2.1'),
('HTC', 'Legend', '2.1'),
('HTC', 'Wildfire', '2.1'),
('Huawei', 'U8110', '2.1'),
('Huawei', 'U8230', '2.1'),
('Huawei', 'U8500', '2.1'),
('Motorola', 'Charm', '2.1'),
('Motorola', 'Defy', '2.1'),
('Motorola', 'Droid X', '2.1'),
('Motorola', 'Flipout', '2.1'),
('Motorola', 'Flipside', '2.1'),
('Motorola', 'Milestone', '2.1'),
('Motorola', 'Milestone XT720', '2.1'),
('Motorola', 'XT5 Quench', '2.1'),
('Motorola', 'XT701', '2.1'),
('Samsung', 'Galaxy 580 GT-I5800', '2.1'),
('Samsung', 'GT-I5500', '2.1'),
('Samsung', 'i5801 Galaxy Apollo', '2.1'),
('Samsung', 'i9000 Galaxy S (16Gb)', '2.1'),
('Sony Ericsson', 'Walkman W8', '2.1'),
('Sony Ericsson', 'Xperia X10 mini pro', '2.1'),
('Sony Ericsson', 'Xperia X8', '2.1'),
('Ulysse Nardin', 'Chairman', '2.1'),
('ZTE', 'Blade', '2.1'),
('Acer', 'beTouch E140', '2.2'),
('Acer', 'Liquid Mini', '2.2'),
('Alcatel', 'One Touch 990', '2.2'),
('Fly', 'IQ250 Swift ', '2.2'),
('Highscreen', 'Cosmo', '2.2'),
('Acer', 'Liquid Metal', '2.2'),
('HTC', ' Desire HD', '2.2'),
('HTC', ' Desire Z', '2.2'),
('HTC', 'Gratia', '2.2'),
('HTC', 'Incredible S', '2.2'),
('Huawei', 'U8150 Ideos', '2.2'),
('Huawei', 'U8180 IDEOS X1', '2.2'),
('Huawei', ' U8350 Boulde', '2.2'),
('Huawei', ' U8800 IDEOS X5 ', '2.2'),
('Huawei', 'U8800 Ideos X5 Pro', '2.2'),
('Huawei', 'U9000 IDEOS X6', '2.2'),
('LG', 'E720 Optimus Chic', '2.2'),
('LG', 'P350 Optimus Me', '2.2'),
('LG', 'P920 Optimus 3D', '2.2'),
('LG', 'P970 Optimus Black', '2.2'),
('LG', 'P990 Optimus 2X ', '2.2'),
('Meizu', 'M9', '2.2'),
('Motorola', 'Atrix 4G', '2.2'),
('Motorola', 'CLIQ 2', '2.2'),
('Motorola', 'DROID Pro', '2.2'),
('Motorola', 'Milestone 2', '2.2'),
('Samsung', 'Galaxy Fit GT-S5670', '2.2'),
('Samsung', 'Galaxy Gio GT-S5660', '2.2'),
('Samsung', 'Galaxy Mini GT-S5570 ', '2.2'),
('Samsung', 'Galaxy S scLCD GT-I9003 ', '2.2'),
('Samsung', 'Giorgio Armani Galaxy S GT-I9010', '2.2'),
('Samsung', 'i5510 Galaxy 551', '2.2'),
('TeXet', 'TM-3000', '2.2'),
('Viewsonic', 'V350', '2.2'),
('ZTE', 'Libra', '2.2'),
('Acer', 'ICONIA SMART', '2.3'),
('Acer', 'Liquid Express E320', '2.3'),
('Alcatel', 'ONE TOUCH 985D ', '2.3'),
('Alcatel', 'ONE TOUCH TPOP 4010', '2.3'),
('Alcatel', 'ONE TOUCH TPOP 4010D', '2.3'),
('Alcatel', 'OneTouch 918D', '2.3'),
('Alcatel', 'OT-991', '2.3'),
('Alcatel', 'OT-991D', '2.3'),
('Bliss', 'A70 Phone', '2.3'),
('effire', 'CityPhone Nova', '2.3'),
('Explay', 'Star', '2.3'),
('Fly', 'IQ235 Uno', '2.3'),
('Fly', 'IQ236 Victory', '2.3'),
('Fly', 'IQ237 Dynamic', '2.3'),
('Fly', 'IQ238 Jazz', '2.3'),
('Fly', 'IQ240 Whizz', '2.3'),
('Fly', 'IQ245 Wizard', '2.3'),
('Fly', 'IQ245+ Wizard Plus', '2.3'),
('Fly', 'IQ246 Power', '2.3'),
('Fly', 'IQ255 Pride', '2.3'),
('Fly', 'IQ256 Vogue', '2.3'),
('Fly', 'IQ260 Blackbird', '2.3'),
('Fly', 'IQ270 Firebird', '2.3'),
('Fly', 'IQ275 Marathon', '2.3'),
('Fly', 'IQ280 Tech', '2.3'),
('Fly', 'IQ285 Turbo', '2.3'),
('GlobusGPS', 'GL-800Android', '2.3'),
('Google', 'HTC Nexus One', '2.3'),
('Highscreen', 'Yummy Duo', '2.3'),
('HTC', 'EVO 3D', '2.3'),
('HTC', 'EVO Design 4G', '2.3'),
('HTC', 'Explorer', '2.3'),
('HTC', 'Rhyme', '2.3'),
('HTC', 'Salsa', '2.3'),
('HTC', 'Sensation', '2.3'),
('HTC', 'Sensation XL', '2.3'),
('HTC', 'Velocity 4G', '2.3'),
('HTC', 'Wildfire S', '2.3'),
('Huawei', 'Ascend Y200', '2.3'),
('Huawei', 'Ascend Y210', '2.3'),
('Huawei', 'Ascend Y210D', '2.3'),
('Huawei', 'Ascend Y220', '2.3'),
('Huawei', 'Ascend Y310', '2.3'),
('Huawei', 'Sonic U8650', '2.3'),
('Huawei', 'T8828 G305T', '2.3'),
('Huawei', 'U8185 Ascend Y100', '2.3'),
('Huawei', 'U8186 Ascend Y101', '2.3'),
('Huawei', 'U8510 Ideos X3 ', '2.3'),
('Huawei', 'U8650 Sonic', '2.3'),
('Huawei', 'U8655 Ascend Y200', '2.3'),
('Huawei', 'U8685 Ascend Y210', '2.3'),
('Huawei', 'U8812D Ascend G302D', '2.3'),
('Huawei', 'U8815 Ascend G300', '2.3'),
('Huawei', 'U8816 Ascend G301', '2.3'),
('Huawei', 'U8850 Vision', '2.3'),
('Huawei', 'U8860 Honor', '2.3'),
('Lenovo', 'A690', '2.3'),
('Lenovo', 'A750', '2.3'),
('LG', 'E400 Optimus L3', '2.3'),
('LG', 'E510 Optimus Hub', '2.3'),
('LG', 'E730 Optimus Sol', '2.3'),
('LG', 'Optimus 3D Max', '2.3'),
('LG', 'Optimus L3', '2.3'),
('LG', 'Optimus L3 Dual E405', '2.3'),
('LG', 'Optimus net p692', '2.3'),
('LG', 'Optimus One P500', '2.3'),
('LG', 'Optimus Pro C660', '2.3'),
('LG', 'Optimus True HD LTE P936', '2.3'),
('LG', 'P690 Optimus Link/Net', '2.3'),
('LG', 'P692 Optimus Net', '2.3'),
('LG', 'P698 Optimus Link/Net Dual Sim', '2.3'),
('LG', 'PRADA 3.0 P940', '2.3'),
('Motorola', 'Atrix 2', '2.3'),
('Motorola', 'Defy Mini', '2.3'),
('Motorola', 'Defy XT XT535', '2.3'),
('Motorola', 'Defy+', '2.3'),
('Motorola', 'DROID Pro+', '2.3'),
('Motorola', 'Droid RAZR', '2.3'),
('Motorola', 'Droid RAZR MAXX', '2.3'),
('Motorola', 'Fire', '2.3'),
('Motorola', 'MOTOLUXE', '2.3'),
('Motorola', 'RAZR', '2.3'),
('Motorola', 'RAZR MAXX', '2.3'),
('Panasonic', 'Eluga', '2.3'),
('Philips', 'W626', '2.3'),
('Philips', 'Xenium W632', '2.3'),
('Prestigio', 'MultiPhone 3500 DUO', '2.3'),
('Prestigio', 'MultiPhone 4000 DUO', '2.3'),
('Prestigio', 'MultiPhone 4020 DUO', '2.3'),
('RugGear', 'RG210 Swft II', '2.3'),
('Samsung', 'Galaxy Ace Duos GT-S6802', '2.3'),
('Samsung', 'Galaxy Ace GT-S5830', '2.3'),
('Samsung', 'Galaxy Ace La Fleur GT-S5830I', '2.3'),
('Samsung', 'Galaxy Ace Plus GT-S7500', '2.3'),
('Samsung', 'Galaxy Beam GT-I8530', '2.3'),
('Samsung', 'Galaxy Mini 2 GT-S6500', '2.3'),
('Samsung', 'Galaxy Pocket GT-S5300', '2.3'),
('Samsung', 'Galaxy R GT-I9103', '2.3'),
('Samsung', 'Galaxy S GT-I9000', '2.3'),
('Samsung', 'Galaxy S II LTE GT-I9210', '2.3'),
('Samsung', 'Galaxy S Plus GT-I9001', '2.3'),
('Samsung', 'Galaxy W GT-I8150', '2.3'),
('Samsung', 'Galaxy xCover GT-S5690', '2.3'),
('Samsung', 'Galaxy Y Duos GT-S6102', '2.3'),
('Samsung', 'Galaxy Y GT-S5360', '2.3'),
('Samsung', 'Galaxy Y Pro Duos GT-B5512', '2.3'),
('Samsung', 'Galaxy Y Pro GT-B5510', '2.3'),
('Samsung', 'i8160 Galaxy Ace II La Fleur', '2.3'),
('Samsung', 'i9020 Nexus S (Google Nexus S)', '2.3'),
('Samsung', 'i9100 Galaxy S II (32Gb)', '2.3'),
('Samsung', 'i9100G Galaxy S II (16Gb)', '2.3'),
('Samsung', 'N7000 Galaxy Note (32Gb)', '2.3'),
('Samsung', 'Nexus S GT-I9023', '2.3'),
('Samsung', 'S5302 Galaxy Pocket Duos', '2.3'),
('Samsung', 'S5360 Galaxy Y Hello Kitty', '2.3'),
('Samsung', 'S5360 Galaxy Y La Fleur', '2.3'),
('Samsung', 'S5363 Galaxy Y', '2.3'),
('Samsung', 'S5570i Galaxy', '2.3'),
('Samsung', 'S5690 Galaxy Xcover', '2.3'),
('Samsung', 'S5830 Galaxy Ace Hugo Boss', '2.3'),
('Samsung', 'S5830 Galaxy Ace La Fleur', '2.3'),
('Samsung', 'S5830i Galaxy Ace', '2.3'),
('Samsung', 'S6102 Galaxy Y Duos La Fleur', '2.3'),
('Seals', 'TS3', '2.3'),
('SENSEIT', 'P4', '2.3'),
('SNAMI', 'M340', '2.3'),
('Sony', 'Xperia ion LTE', '2.3'),
('Sony Ericsson', 'Live with Walkman WT19i', '2.3'),
('Sony Ericsson', 'Xperia acro HD SO-03D', '2.3'),
('Sony Ericsson', 'Xperia active', '2.3'),
('Sony Ericsson', 'Xperia arc', '2.3'),
('Sony Ericsson', 'Xperia arc S', '2.3'),
('Sony Ericsson', 'Xperia mini', '2.3'),
('Sony Ericsson', 'Xperia mini Pro', '2.3'),
('Sony Ericsson', 'Xperia Neo MT15i ', '2.3'),
('Sony Ericsson', 'Xperia neo V MT11i', '2.3'),
('Sony Ericsson', 'Xperia Play', '2.3'),
('Sony Ericsson', 'Xperia pro', '2.3'),
('Sony Ericsson', 'Xperia ray', '2.3'),
('Sony Ericsson', 'Xperia X10', '2.3'),
('TeXet', 'TM-3200R', '2.3'),
('TeXet', 'TM-5200', '2.3'),
('ThL', 'V7', '2.3'),
('ThL', 'W3', '2.3'),
('ZTE', 'Roamer', '2.3'),
('ZTE', 'SKATE', '2.3'),
('ZTE', 'V790', '2.3'),
('ZTE', 'V8110', '2.3'),
('ZTE', 'V880E', '2.3'),
('ZTE', 'V880E Dual', '2.3'),
('ZTE', 'V881 Blade+', '2.3'),
('Acer', 'Liquid Gallant Duo E350', '4.0'),
('Acer', 'Zopo ZP300', '4.0'),
('Acer', 'Zopo ZP500', '4.0'),
('Alcatel', 'One Touch 993D', '4.0'),
('Alcatel', 'One Touch X Pop', '4.0'),
('Alcatel', 'OneTouch 997', '4.0'),
('Alcatel', 'OneTouch 997D', '4.0'),
('Bliss', 'S5', '4.0'),
('Digma', 'iDx5 3G', '4.0'),
('Digma', 'iDxD4 3G', '4.0'),
('Digma', 'iDxD5 3G', '4.0'),
('Digma', 'Linx 4.7'' HD', '4.0'),
('effire', 'CityPhone Astra', '4.0'),
('Explay', 'Infinity', '4.0'),
('Explay', 'Infinity II', '4.0'),
('Explay', 'Sky', '4.0'),
('Explay', 'Surf', '4.0'),
('Explay', 'Vision', '4.0'),
('Fly', 'IQ440 Energie', '4.0'),
('Fly', 'IQ441 Radiance', '4.0'),
('Fly', 'IQ442 Miracle', '4.0'),
('Fly', 'IQ443 Trend', '4.0'),
('Fly', 'IQ444 Diamond', '4.0'),
('Fly', 'IQ448 Chic', '4.0'),
('Fly', 'IQ450 Horizon', '4.0'),
('GigaByte', 'GIGABYTE GSmart GS202', '4.0'),
('GigaByte', 'GIGABYTE GSmart GS202+', '4.0'),
('GigaByte', 'GIGABYTE Tuku T2', '4.0'),
('Ginzzu', 'R8 DUAL', '4.0'),
('Highscreen', 'Blast', '4.0'),
('Highscreen', 'Spark', '4.0'),
('HTC', 'Amaze 4G', '4.0'),
('HTC', 'Desire 200', '4.0'),
('HTC', 'Desire C', '4.0'),
('HTC', 'Desire S', '4.0'),
('HTC', 'Desire SV', '4.0'),
('HTC', 'Desire U Dual Sim', '4.0'),
('HTC', 'Desire V', '4.0'),
('HTC', 'Desire VC', '4.0'),
('HTC', 'Desire VT 328t', '4.0'),
('HTC', 'J (Z321e)', '4.0'),
('HTC', 'One SU', '4.0'),
('HTC', 'One V', '4.0'),
('HTC', 'One XL 16Gb', '4.0'),
('HTC', 'One XL 32Gb', '4.0'),
('HTC', 'Proto (T329W)', '4.0'),
('HTC', 'Sensation XE', '4.0'),
('Huawei', 'Ascend D Quad', '4.0'),
('Huawei', 'Ascend D1 Quad XL', '4.0'),
('Huawei', 'Ascend G500 Pro', '4.0'),
('Huawei', 'Ascend P1 S', '4.0'),
('Huawei', 'Ascend P1 XL', '4.0'),
('Huawei', 'Ascend Y201 Pro', '4.0'),
('Huawei', 'Honor 2 U9508', '4.0'),
('Huawei', 'T8830 G309', '4.0'),
('Huawei', 'U8825 Ascend G330', '4.0'),
('Huawei', 'U8825D Ascend G330D', '4.0'),
('Huawei', 'U8836D Ascend G500', '4.0'),
('Huawei', 'U8950 Ascend G600', '4.0'),
('Huawei', 'U8950D Ascend G600', '4.0'),
('Huawei', 'U9200 Ascend P1', '4.0'),
('Huawei', 'U9500 Ascend D1', '4.0'),
('IconBit', 'NETTAB MERCURY S (NT-3508M)', '4.0'),
('Jiayu', 'G2 (1Gb Ram)', '4.0'),
('Jiayu', 'G2 (512Mb Ram)', '4.0'),
('Jiayu', 'G3', '4.0'),
('Jiayu', 'G3S', '4.0'),
('KENEKSI', 'Delta', '4.0'),
('Lenovo', 'A376', '4.0'),
('Lenovo', 'A390', '4.0'),
('Lenovo', 'A630', '4.0'),
('Lenovo', 'A660', '4.0'),
('Lenovo', 'A780', '4.0'),
('Lenovo', 'A789', '4.0'),
('Lenovo', 'IdeaPhone A800', '4.0'),
('Lenovo', 'IdeaPhone K860', '4.0'),
('Lenovo', 'IdeaPhone S720', '4.0'),
('Lenovo', 'P700i', '4.0'),
('Lenovo', 'S696', '4.0'),
('Lenovo', 'S880', '4.0'),
('LG', 'Optimus 4X HD', '4.0'),
('LG', 'Optimus L5', '4.0'),
('LG', 'Optimus L5 Dual E615', '4.0'),
('LG', 'Optimus L9 P760', '4.0'),
('LG', 'Optimus L9 P765', '4.0'),
('LG', 'P895 Optimus Vu', '4.0'),
('Magic', 'THL W1', '4.0'),
('Meizu', 'MX 2-core', '4.0'),
('Meizu', 'MX 4-core 64Gb', '4.0'),
('Motorola', 'Razr HD ', '4.0'),
('Motorola', 'RAZR i', '4.0'),
('Philips', 'W536', '4.0'),
('Philips', 'Xenium W336', '4.0'),
('Philips', 'Xenium W732', '4.0'),
('Philips', 'Xenium W737', '4.0'),
('Philips', 'Xenium W832', '4.0'),
('Prestigio', 'MultiPhone 4040 DUO', '4.0'),
('Prestigio', 'MultiPhone 4300 DUO', '4.0'),
('Prestigio', 'MultiPhone 5000 DUO', '4.0'),
('Prestigio', 'MultiPhone 5430', '4.0'),
('Ritmix', 'RMP-390', '4.0'),
('Ritmix', 'RMP-400', '4.0'),
('Ritmix', 'RMP-450', '4.0'),
('Ritmix', 'RMP-451', '4.0'),
('Ritmix', 'RMP-470', '4.0'),
('Ritmix', 'RMP-500', '4.0'),
('Ritmix', 'RMP-520', '4.0'),
('Runbo', 'X5', '4.0'),
('Samsung', 'GALAXY Note LTE GT-N7005', '4.0'),
('Samsung', 'Galaxy Pocket Plus GT-S5301', '4.0'),
('Samsung', 'Galaxy S Duos GT-S7562', '4.0'),
('Samsung', 'Galaxy Y Plus GT-S5303', '4.0'),
('Samsung', 'i9250 Galaxy Nexus (16Gb)', '4.0'),
('Samsung', 'i9250 Galaxy Nexus (32Gb)', '4.0'),
('Samsung', 'i9300 Galaxy S III (16Gb) La Fleur', '4.0'),
('Samsung', 'i9300 Galaxy S III (32Gb)', '4.0'),
('Samsung', 'i9300 Galaxy S III (64Gb)', '4.0'),
('Samsung', 'S7560 Galaxy Trend', '4.0'),
('Samsung', 'S7562 Galaxy S Duos La Fleur', '4.0'),
('SENSEIT', 'R413', '4.0'),
('Sharp', 'SH631W', '4.0'),
('Sony', 'Xperia Go ST27i', '4.0'),
('Sony', 'Xperia Miro ST23i', '4.0'),
('Sony', 'Xperia Neo L MT25i', '4.0'),
('Sony', 'Xperia Sola MT27i', '4.0'),
('Sony', 'Xperia Tipo Dual ST21i2', '4.0'),
('Sony', 'Xperia Tipo ST21i', '4.0'),
('Sony', 'Xperia U ST25i', '4.0'),
('TeXet', 'TM-3204R', '4.0'),
('TeXet', 'TM-4504', '4.0'),
('TeXet', 'TM-4577', '4.0'),
('TeXet', 'TM-4677', '4.0'),
('TeXet', 'TM-5204', '4.0'),
('TeXet', 'TM-5277', '4.0'),
('TeXet', 'TM-5377', '4.0'),
('TeXet', 'X-driver TM-4104R', '4.0'),
('ThL', 'A2', '4.0'),
('ThL', 'W1', '4.0'),
('ThL', 'W3+', '4.0'),
('ThL', 'W5', '4.0'),
('ThL', 'W6', '4.0'),
('ThL', 'W7', '4.0'),
('Veon', 'VEON C8680', '4.0'),
('xDevice', 'Android Note', '4.0'),
('xDevice', 'Android Note II (5.0")', '4.0'),
('xDevice', 'Android Note II (6.0")', '4.0'),
('Zopo', 'ZP100 PILOT', '4.0'),
('Zopo', 'ZP200', '4.0'),
('Zopo', 'ZP200+', '4.0'),
('Zopo', 'ZP300+', '4.0'),
('Zopo', 'ZP500+', '4.0'),
('Zopo', 'ZP600 Libero', '4.0'),
('Zopo', 'ZP900 Leader', '4.0'),
('Zopo', 'ZP900s', '4.0'),
('ZTE', 'A21 Plus', '4.0'),
('ZTE', 'Grand Era', '4.0'),
('ZTE', 'U950', '4.0'),
('ZTE', 'V880G', '4.0'),
('ZTE', 'V889M Dual', '4.0'),
('ZTE', 'V970 Grand X', '4.0'),
('ZTE', 'V970M Grand X', '4.0'),
('Acer', 'CloudMobile S500', '4.1'),
('Alcatel', 'One Touch S Pop 4030', '4.1'),
('Alcatel', 'One Touch S Pop 4030D', '4.1'),
('Alcatel', 'ONE TOUCH SCRIBE EASY 8000', '4.1'),
('Alcatel', 'ONE TOUCH SCRIBE EASY 8000D', '4.1'),
('Alcatel', 'ONE TOUCH SCRIBE HD D 8008D', '4.1'),
('Alcatel', 'One Touch Star 6010', '4.1'),
('Alcatel', 'One Touch Star Dual Sim 6010D', '4.1'),
('Alcatel', 'OneTouch Idol 6030A', '4.1'),
('Alcatel', 'ClOneTouch Idol 6030D', '4.1'),
('Alcatel', 'OneTouch Idol 6030X', '4.1'),
('Alcatel', 'OneTouch Idol Ultra 6033', '4.1'),
('Alcatel', 'OneTouch M Pop 5020D', '4.1'),
('Alcatel', 'OneTouch M Pop 5020X', '4.1'),
('Archos', '45 Platinum', '4.1'),
('Archos', '50 Platinum', '4.1'),
('ASUS', 'PadFone 2 32Gb', '4.1'),
('ASUS', 'PadFone 2 64Gb', '4.1'),
('ASUS', 'PadFone Infinity 32Gb', '4.1'),
('ASUS', 'PadFone Infinity 64Gb', '4.1'),
('Caterpillar', 'Cat B15', '4.1'),
('DNS', 'S4003 2SIM', '4.1'),
('DNS', 'S4501M', '4.1'),
('DNS', 'S4503Q', '4.1'),
('Explay', 'HD', '4.1'),
('Explay', 'Navigator', '4.1'),
('Explay', 'Polo', '4.1'),
('Fly', 'IQ430 Evoke', '4.1'),
('Fly', 'IQ431 Glory', '4.1'),
('Fly', 'IQ4411 Energie 2', '4.1'),
('Fly', 'IQ442 Quad Miracle 2', '4.1'),
('Fly', 'IQ445 Genius', '4.1'),
('Fly', 'IQ446 Magic', '4.1'),
('Fly', 'Pronto IQ449', '4.1'),
('GigaByte', 'GIGABYTE GSmart Maya M1', '4.1'),
('Highscreen', 'Alpha GTX', '4.1'),
('Highscreen', 'Boost', '4.1'),
('Highscreen', 'Boost 2', '4.1'),
('Highscreen', 'Omega Prime', '4.1'),
('Highscreen', 'Omega Prime Mini', '4.1'),
('Highscreen', 'Omega Q', '4.1'),
('HTC', 'Butterfly', '4.1'),
('HTC', 'Desire 400 Dual Sim', '4.1'),
('HTC', 'Desire 500 dual SIM', '4.1'),
('HTC', 'Desire 600 Dual Sim', '4.1'),
('HTC', 'Desire 606w', '4.1'),
('HTC', 'Desire 608t', '4.1'),
('HTC', 'Desire X', '4.1'),
('HTC', 'J butterfly', '4.1'),
('HTC', 'One 32Gb', '4.1'),
('HTC', 'One S', '4.1'),
('Huawei', 'Ascend D2', '4.1'),
('Huawei', 'U8951D Ascend G510', '4.1'),
('Huawei', 'Ascend G350', '4.1'),
('Huawei', 'Ascend G520', '4.1'),
('Huawei', 'Ascend G526', '4.1'),
('Huawei', 'Ascend G710', '4.1'),
('Huawei', 'Ascend Mate', '4.1'),
('Huawei', 'Ascend P2', '4.1'),
('Huawei', 'Ascend Y300', '4.1'),
('Huawei', 'G525', '4.1'),
('Huawei', 'U8951 Ascend G510', '4.1'),
('IconBit', 'NETTAB MERCURY Q4 (NT-3509M)', '4.1'),
('IconBit', 'NETTAB MERCURY Q5 (NT-3510M)', '4.1'),
('IconBit', 'NetTAB Mercury X', '4.1'),
('iNew', 'i3000', '4.1'),
('Jiayu', 'G2S', '4.1'),
('Lenovo', 'A590', '4.1'),
('Lenovo', 'A670T', '4.1'),
('Lenovo', 'A760', '4.1'),
('Lenovo', 'A820', '4.1'),
('Lenovo', 'IdeaPhone A706', '4.1'),
('Lenovo', 'IdeaPhone P770', '4.1'),
('Lenovo', 'IdeaPhone S890', '4.1'),
('LG', 'G Pro Lite Dual D686', '4.1'),
('LG', 'Optimus F5 4G LTE P875', '4.1'),
('LG', 'Optimus G', '4.1'),
('LG', 'Optimus G Pro E985 16Gb', '4.1'),
('LG', 'Optimus G Pro E985 32Gb', '4.1'),
('LG', 'Optimus G Pro E986', '4.1'),
('LG', 'Optimus G Pro E988', '4.1'),
('LG', 'Optimus GJ E975W', '4.1'),
('LG', 'Optimus L1 II Dual E420', '4.1'),
('LG', 'Optimus L3 II Dual E435', '4.1'),
('LG', 'Optimus L3 II E425', '4.1'),
('LG', 'Optimus L3 II E430', '4.1'),
('LG', 'Optimus L4 II E440', '4.1'),
('LG', 'Optimus L5 II Dual E455', '4.1'),
('LG', 'Optimus L5 II E450', '4.1'),
('LG', 'Optimus L5 II E460', '4.1'),
('LG', 'Optimus L7 II Dual P715', '4.1'),
('LG', 'Optimus L7 II P710', '4.1'),
('LG', 'Optimus L7 II P713', '4.1'),
('LG', 'Optimus L7 P700', '4.1'),
('LG', 'Optimus L7 P705', '4.1'),
('LG', 'Optimus L9 P768', '4.1'),
('Meizu', 'MX2 16Gb', '4.1'),
('Meizu', 'MX2 32Gb', '4.1'),
('Meizu', 'MX2 64Gb', '4.1'),
('Motorola', 'Droid RAZR MAXX HD', '4.1'),
('OPPO', 'Find 5 16Gb', '4.1'),
('OPPO', 'Find 5 32Gb', '4.1'),
('Philips', 'W7555', '4.1'),
('Philips', 'Xenium W8500', '4.1'),
('Prestigio', 'MultiPhone 3540 DUO', '4.1'),
('Prestigio', 'MultiPhone 4044 DUO', '4.1'),
('Prestigio', 'MultiPhone 4055 DUO', '4.1'),
('Prestigio', 'MultiPhone 4322 DUO', '4.1'),
('Prestigio', 'MultiPhone 4500 DUO', '4.1'),
('Prestigio', 'MultiPhone 4505 DUO', '4.1'),
('Prestigio', 'MultiPhone 5300 DUO', '4.1'),
('Prestigio', 'MultiPhone 5400 DUO', '4.1'),
('Qumo', 'Quest 500', '4.1'),
('Qumo', 'Quest 530', '4.1'),
('Qumo', 'Quest 570', '4.1'),
('Qumo', 'Quest 600', '4.1'),
('Ritmix', 'RMP-530', '4.1'),
('Ritmix', 'RMP-600', '4.1'),
('RugGear', 'RG220 Swift Plus', '4.1'),
('RugGear', 'RG960 Apex', '4.1'),
('RugGear', 'RG970 Partner', '4.1'),
('Samsung', 'Galaxy Ace II GT-I8160', '4.1'),
('Samsung', 'Galaxy Core GT-I8260', '4.1'),
('Samsung', 'Galaxy Core GT-I8262', '4.1'),
('Samsung', 'Galaxy Core LaFleur GT-I8262', '4.1'),
('Samsung', 'Galaxy Express GT-I8730', '4.1'),
('Samsung', 'Galaxy Fame Duos GT-S6812', '4.1'),
('Samsung', 'Galaxy Fame GT-S6810', '4.1'),
('Samsung', 'GALAXY Fame Lite GT-S6790', '4.1'),
('Samsung', 'Galaxy Grand I9080', '4.1'),
('Samsung', 'Galaxy Note GT-N7000', '4.1'),
('Samsung', 'Galaxy Note II LTE GT-N7105', '4.1'),
('Samsung', 'Galaxy Pocket Neo GT-S5310', '4.1'),
('Samsung', 'Galaxy Pocket Neo GT-S5312', '4.1'),
('Samsung', 'Galaxy Premier GT-I9260 16Gb', '4.1'),
('Samsung', 'Galaxy Premier GT-I9260 8Gb', '4.1'),
('Samsung', 'Galaxy S Advance GT-I9070 16Gb', '4.1'),
('Samsung', 'Galaxy S Advance GT-I9070 8Gb', '4.1'),
('Samsung', 'Galaxy S III 4G GT-I9305', '4.1'),
('Samsung', 'Galaxy S III mini GT-I8190 16Gb', '4.1'),
('Samsung', 'Galaxy S III mini GT-I8190 8Gb', '4.1'),
('Samsung', 'Galaxy Star GT-S5280', '4.1'),
('Samsung', 'Galaxy Star GT-S5282', '4.1'),
('Samsung', 'Galaxy Star Pro GT-S7262', '4.1'),
('Samsung', 'Galaxy Trend GT-S7390', '4.1'),
('Samsung', 'Galaxy Trend GT-S7392', '4.1'),
('Samsung', 'Galaxy Trend LaFleur GT-S7390', '4.1'),
('Samsung', 'Galaxy Win GT-I8552', '4.1'),
('Samsung', 'Galaxy xCover 2 GT-S7710', '4.1'),
('Samsung', 'Galaxy Young Duos GT-S6312', '4.1'),
('Samsung', 'i8190 Galaxy S III mini 8Gb La Fleur', '4.1'),
('Samsung', 'i9100 Galaxy S II (16Gb)', '4.1'),
('Samsung', 'i9100 Galaxy S II Crystal Edition (16Gb)', '4.1'),
('Sharp', 'Aquos Phone SH930W', '4.1'),
('Sony', 'Xperia Acro S LT26w', '4.1'),
('Sony', 'Xperia E', '4.1'),
('Sony', 'Xperia E dual', '4.1'),
('Sony', 'Xperia Ion LT28i', '4.1'),
('Sony', ' Xperia J ST26i', '4.1'),
('Sony', 'Xperia L', '4.1'),
('Sony', 'Xperia M', '4.1'),
('Sony', 'Xperia M dual', '4.1'),
('Sony', 'Xperia P LT22i', '4.1'),
('Sony', 'Xperia S LT26i', '4.1'),
('Sony', 'Xperia SL LT26ii', '4.1'),
('Sony', 'Xperia SP', '4.1'),
('Sony', 'Xperia T LT30i', '4.1'),
('Sony', 'Xperia TX LT29i', '4.1'),
('Sony', 'Xperia V LT25i', '4.1'),
('Sony', 'Xperia ZR (C5502)', '4.1'),
('Sony', 'Xperia ZR LTE (C5503)', '4.1'),
('TeXet', 'TM-4377', '4.1'),
('ThL', 'W7S', '4.1'),
('ThL', 'W8', '4.1'),
('xDevice', 'Android Note II (5.5")', '4.1'),
('Xiaomi', 'Mi-2 32Gb', '4.1'),
('Xiaomi', 'Mi2A', '4.1'),
('Xiaomi', 'Mi2S 16Gb', '4.1'),
('Xiaomi', 'Mi2S 32Gb', '4.1'),
('Zopo', 'ZP800H Libero HD', '4.1'),
('Zopo', 'ZP810', '4.1'),
('Zopo', 'ZP910', '4.1'),
('Zopo', 'ZP950', '4.1'),
('ZTE', 'Blade C V807', '4.1'),
('ZTE', 'Grand Memo', '4.1'),
('ZTE', 'Grand S', '4.1'),
('ZTE', 'Grand S Flex', '4.1'),
('ZTE', 'Nubia Z5', '4.1'),
('ZTE', 'V987 Grand X Quad', '4.1'),
('Alcatel', 'HERO 8020D', '4.2'),
('Alcatel', 'IDOL MINI 6012D', '4.2'),
('Alcatel', 'IDOL MINI 6012X', '4.2'),
('Alcatel', 'One Touch Pop C7 7040A', '4.2'),
('Alcatel', 'One Touch Pop C7 7040D', '4.2'),
('Alcatel', 'One Touch Pop C7 7040E', '4.2'),
('Alcatel', 'One Touch Pop C7 7040F', '4.2'),
('Alcatel', 'One Touch Pop C7 7041D', '4.2'),
('Alcatel', 'One Touch Pop C7 7041X', '4.2'),
('Alcatel', 'OneTouch Idol X 6040', '4.2'),
('Alcatel', 'OneTouch Idol X 6040D', '4.2'),
('Alcatel', 'OneTouch Pop C3 4033D', '4.2'),
('Alcatel', 'POP C5 5036D', '4.2'),
('Archos', '40 Titanium', '4.2'),
('Archos', '45 Titanium', '4.2'),
('ASUS', 'Fonepad Note 6 16Gb', '4.2'),
('ASUS', 'The new PadFone Infinity 32Gb', '4.2'),
('Digma', 'IDxQ 5', '4.2'),
('DNS', 'S5001', '4.2'),
('effire', 'CityPhone Astra Z1', '4.2'),
('effire', 'CityPhone CY-100', '4.2'),
('effire', 'CityPhone CY-85', '4.2'),
('Etuline', 'S4521', '4.2'),
('Etuline', 'S5042', '4.2'),
('Explay', 'A400', '4.2'),
('Explay', 'A500', '4.2'),
('Explay', 'A600', '4.2'),
('Explay', 'Alto', '4.2'),
('Explay', 'Atom', '4.2'),
('Explay', 'Cinema', '4.2'),
('Explay', 'Communicator', '4.2'),
('Explay', 'Dream', '4.2'),
('Explay', 'Five', '4.2'),
('Explay', 'Golf', '4.2'),
('Explay', 'N1 Dual Sim', '4.2'),
('Explay', 'X-tremer', '4.2'),
('Explay', 'X5', '4.2'),
('Fly', 'Energie 3 IQ4403', '4.2'),
('Fly', 'IQ4410 Quad Phoenix', '4.2'),
('Fly', 'IQ4412 Quad Coral', '4.2'),
('Fly', 'IQ447 Era Life 1', '4.2'),
('Fly', 'IQ450 Quattro Horizon 2', '4.2'),
('Fly', 'IQ451 Vista', '4.2'),
('Fly', 'IQ452 Quad EGO Vision 1', '4.2'),
('Fly', 'IQ453 Quad Luminor FHD', '4.2'),
('Fly', 'IQ454 EVO Tech 1', '4.2'),
('Fly', 'Spark IQ4404', '4.2'),
('GigaByte', 'GIGABYTE Aku A1', '4.2'),
('GigaByte', 'GIGABYTE Alto A2', '4.2'),
('GigaByte', 'GIGABYTE GSmart Maya M1 V2', '4.2'),
('GigaByte', 'GIGABYTE GSmart Simba SX1', '4.2'),
('GigaByte', 'GIGABYTE Guru', '4.2'),
('GigaByte', 'GIGABYTE Maya M1 v2', '4.2'),
('GigaByte', 'GIGABYTE Roma R2', '4.2'),
('GigaByte', 'GIGABYTE Sierra S1', '4.2'),
('Ginzzu', 'RS9 Dual', '4.2'),
('Highscreen', 'Alpha Ice', '4.2'),
('Highscreen', 'Alpha R', '4.2'),
('Highscreen', 'Alpha Rage', '4.2'),
('HTC', 'Butterfly S', '4.2'),
('HTC', 'Desire 310 Dual Sim', '4.2'),
('HTC', 'Desire 500', '4.2'),
('HTC', 'Desire 601', '4.2'),
('HTC', 'One dual sim', '4.2'),
('HTC', 'One mini ', '4.2'),
('HTC', 'One X 16Gb', '4.2'),
('HTC', 'One X 32Gb', '4.2'),
('HTC', 'One X+', '4.2'),
('Huawei', 'Ascend G700-U00', '4.2'),
('Huawei', 'Ascend G700-U10', '4.2'),
('Huawei', 'Ascend G700-U20', '4.2'),
('Huawei', 'Ascend P6', '4.2'),
('Huawei', 'Ascend P6 S', '4.2'),
('Huawei', 'Ascend Y320', '4.2'),
('Huawei', 'Ascend Y511', '4.2'),
('Huawei', 'Ascend Y511D', '4.2'),
('Huawei', 'G610', '4.2'),
('Huawei', 'G610S', '4.2'),
('Huawei', 'Honor 3', '4.2'),
('IconBit', 'NetTAB Mercury Q7 (NT-3602M)', '4.2'),
('IconBit', 'NETTAB MERCURY QUAD (NT-3507M)', '4.2'),
('iNew', 'i6000 16Gb', '4.2'),
('iNew', 'i6000 32Gb', '4.2'),
('iNew', 'M2', '4.2'),
('iNew', 'V3', '4.2'),
('iOcean', 'X7 Elite', '4.2'),
('iOcean', 'X7 Turbo', '4.2'),
('Jiayu', 'G4 (1Gb Ram)', '4.2'),
('Jiayu', 'G4 (2Gb Ram)', '4.2'),
('Jiayu', 'G5 Advanced Edition', '4.2'),
('Jiayu', 'G5 Standart Edition', '4.2'),
('Just5', 'Spacer', '4.2'),
('KENEKSI', 'Delta 2', '4.2'),
('KENEKSI', 'Fire', '4.2'),
('KENEKSI', 'Libra 2', '4.2'),
('KENEKSI', 'Norma', '4.2'),
('KENEKSI', 'Sigma', '4.2'),
('KENEKSI', 'Smart', '4.2'),
('KENEKSI', 'Teta 2', '4.2'),
('KENEKSI', 'Zeta', '4.2'),
('Lenovo', 'A369i', '4.2'),
('Lenovo', ' A516', '4.2'),
('Lenovo', 'A656', '4.2'),
('Lenovo', 'A680', '4.2'),
('Lenovo', 'A766', '4.2'),
('Lenovo', 'A830', '4.2'),
('Lenovo', 'A850', '4.2'),
('Lenovo', 'A859', '4.2'),
('Lenovo', 'A880', '4.2'),
('Lenovo', 'IdeaPhone S750', '4.2'),
('Lenovo', 'IdeaPhone S920', '4.2'),
('Lenovo', 'K900 16Gb', '4.2'),
('Lenovo', 'K900 32Gb', '4.2'),
('Lenovo', 'P780 4Gb', '4.2'),
('Lenovo', 'P780 8Gb', '4.2'),
('Lenovo', 'S650', '4.2'),
('Lenovo', 'S660', '4.2'),
('Lenovo', 'S750', '4.2'),
('Lenovo', 'S820 4Gb', '4.2'),
('Lenovo', 'S820 8Gb', '4.2'),
('Lenovo', 'S930', '4.2'),
('Lenovo', 'S939', '4.2'),
('Lenovo', 'Vibe X S960', '4.2'),
('LEXAND', 'S5A2 Oberon', '4.2'),
('LEXAND', 'S5A3 Capella', '4.2'),
('LG', 'G Flex D958', '4.2'),
('LG', 'G2 D802 16Gb', '4.2'),
('LG', 'G2 D802 32Gb', '4.2'),
('LG', 'Optimus L1 II E410', '4.2'),
('Meizu', 'MX3 16Gb', '4.2'),
('Meizu', 'MX3 32Gb', '4.2'),
('Meizu', 'MX3 64Gb', '4.2'),
('Motorola', 'Moto X 16Gb', '4.2'),
('Newman', 'K2S', '4.2'),
('OPPO', 'Clover R815', '4.2'),
('OPPO', 'Muse R821', '4.2'),
('Perfeo', '509-HD', '4.2'),
('Philips', 'W3500', '4.2'),
('Philips', 'Xenium W3568', '4.2'),
('Philips', 'Xenium W6500', '4.2'),
('Philips', 'Xenium W6610', '4.2'),
('Philips', 'Xenium W8510', '4.2'),
('Philips', 'Xenium W8555', '4.2'),
('Prestigio', 'MultiPhone 3350 DUO', '4.2'),
('Prestigio', 'MultiPhone 3400 DUO', '4.2'),
('Prestigio', 'MultiPhone 5044 Duo', '4.2'),
('Prestigio', 'MultiPhone 5450 DUO ', '4.2'),
('Prestigio', 'MultiPhone 5451 DUO', '4.2'),
('Prestigio', 'MultiPhone 5500 DUO', '4.2'),
('Prestigio', 'MultiPhone 5501', '4.2'),
('Prestigio', 'MultiPhone 7500 16Gb', '4.2'),
('Prestigio', 'MultiPhone 7500 32Gb', '4.2'),
('Prestigio', 'MultiPhone 7600 DUO', '4.2'),
('Qumo', 'QUEST 574', '4.2'),
('Runbo', 'X6', '4.2'),
('Samsung', 'Galaxy Ace 3 GT-S7270', '4.2'),
('Samsung', 'Galaxy Ace 3 GT-S7272', '4.2'),
('Samsung', 'Galaxy Ace 3 LTE GT-S7275', '4.2'),
('Samsung', 'Galaxy Core Advance GT-I8580', '4.2'),
('Samsung', 'Galaxy Core Plus SM-G350', '4.2'),
('Samsung', 'Galaxy Express 2 SM-G3815', '4.2'),
('Samsung', 'Galaxy Golden GT-I9235', '4.2'),
('Samsung', 'Galaxy Grand GT-I9082', '4.2'),
('Samsung', 'Galaxy Grand Neo 16Gb GT-I9060', '4.2'),
('Samsung', 'Galaxy Grand Neo 8Gb GT-I9060', '4.2'),
('Samsung', 'Galaxy Mega 5.8 GT-I9150', '4.2'),
('Samsung', 'Galaxy Mega 5.8 GT-I9152', '4.2'),
('Samsung', 'Galaxy Mega 6.3 16Gb GT-I9200', '4.2'),
('Samsung', 'Galaxy Mega 6.3 16Gb GT-I9205', '4.2'),
('Samsung', 'Galaxy Mega 6.3 8Gb GT-I9200', '4.2'),
('Samsung', 'Galaxy Mega 6.3 8Gb GT-I9205', '4.2'),
('Samsung', 'Galaxy S Duos 2 GT-S7582', '4.2'),
('Samsung', 'GALAXY S II Plus GT-I9105', '4.2'),
('Samsung', 'Galaxy S III mini Value Edition GT-I8200 16Gb', '4.2'),
('Samsung', 'Galaxy S III mini Value Edition GT-I8200 8Gb', '4.2'),
('Samsung', 'Galaxy S4 16Gb GT-I9505', '4.2'),
('Samsung', 'Galaxy S4 16Gb GT-I9506', '4.2'),
('Samsung', 'Galaxy S4 32Gb GT-I9505', '4.2'),
('Samsung', 'Galaxy S4 Active GT-I9295', '4.2'),
('Samsung', 'Galaxy S4 Black Edition 16Gb GT-I9505', '4.2'),
('Samsung', 'Galaxy S4 LaFleur 16Gb GT-I9505', '4.2'),
('Samsung', 'Galaxy S4 mini Black Edition GT-I9195', '4.2'),
('Samsung', 'Galaxy S4 mini Duos GT-I9192', '4.2'),
('Samsung', 'Galaxy S4 mini GT-I9190', '4.2'),
('Samsung', 'Galaxy S4 mini GT-I9195', '4.2'),
('Samsung', 'Galaxy S4 mini GT-I9197', '4.2'),
('Samsung', 'Galaxy S4 mini LaFleur Duos GT-I9192', '4.2'),
('Samsung', 'Galaxy S4 mini LaFleur GT-I9190', '4.2'),
('Samsung', 'Galaxy S4 mini LaFleur GT-I9195', '4.2'),
('Samsung', 'Galaxy S4 Zoom 4G C105', '4.2'),
('Samsung', 'Galaxy S4 Zoom SM-C101', '4.2'),
('Samsung', 'Galaxy Trend Plus GT-S7580', '4.2'),
('Smarty', 'H920', '4.2'),
('Smarty', 'X920', '4.2'),
('Sony', 'Xperia C', '4.2'),
('Sony', 'Xperia Z', '4.2'),
('Sony', 'Xperia Z Ultra', '4.2'),
('Sony', 'Xperia Z1', '4.2'),
('Sony', 'Xperia ZL', '4.2'),
('Starway', 'Vega T1', '4.2'),
('Starway', 'Vega T2', '4.2'),
('Starway', 'Vega T3', '4.2'),
('TeXet', 'teXet iX TM-4772', '4.2'),
('TeXet', 'TM-4572/X-medium', '4.2'),
('TeXet', 'X-basic TM-4072', '4.2'),
('TeXet', 'teXet X-maxi TM-5072', '4.2'),
('TeXet', 'X-navi TM-4672', '4.2'),
('TeXet', 'X-start TM-4172', '4.2'),
('ThL', 'I95', '4.2'),
('ThL', 'T100', '4.2'),
('ThL', 'T11', '4.2'),
('ThL', 'T200', '4.2'),
('ThL', 'T5', '4.2'),
('ThL', 'W100', '4.2'),
('ThL', 'W11 16Gb', '4.2'),
('ThL', 'W11 32Gb', '4.2'),
('ThL', 'W200', '4.2'),
('ThL', 'W300', '4.2'),
('ThL', 'W8e', '4.2'),
('ThL', 'W8s', '4.2'),
('ThL', 'W9', '4.2'),
('UMI', 'X2 Turbo', '4.2'),
('Viking', 'Thor', '4.2'),
('Wexler', 'ZEN 4.7', '4.2'),
('Wexler', 'ZEN 5', '4.2'),
('Wexler', 'ZEN 5+', '4.2'),
('Xiaomi', 'Mi3 16Gb', '4.2'),
('Xiaomi', 'Mi3 64Gb', '4.2'),
('Xiaomi', 'RED RICE', '4.2'),
('Yota', 'Phone', '4.2'),
('Zopo', 'C2 16Gb', '4.2'),
('Zopo', 'C2 32Gb', '4.2'),
('Zopo', 'C2 4Gb', '4.2'),
('Zopo', 'C3', '4.2'),
('Zopo', 'ZP1000', '4.2'),
('Zopo', 'ZP700', '4.2'),
('Zopo', 'ZP780', '4.2'),
('Zopo', 'ZP950+ 16Gb', '4.2'),
('Zopo', 'ZP950+ 4Gb', '4.2'),
('Zopo', 'ZP980 16Gb', '4.2'),
('Zopo', 'ZP980 1Gb Ram 32Gb', '4.2'),
('Zopo', 'ZP980 2Gb Ram 32Gb', '4.2'),
('Zopo', 'ZP980 PLUS 8-CORE 1Gb Ram 16Gb', '4.2'),
('Zopo', 'ZP980 PLUS 8-CORE 1Gb Ram 32Gb', '4.2'),
('Zopo', 'ZP990 1Gb RAM', '4.2'),
('Zopo', 'ZP990 2Gb RAM', '4.2'),
('Zopo', 'ZP990+', '4.2'),
('Zopo', 'ZP998', '4.2'),
('Zopo', 'ZP998 2Gb Ram 16Gb', '4.2'),
('ZTE', 'Leo M1', '4.2'),
('ZTE', 'Leo Q1', '4.2'),
('ZTE', 'Leo S1', '4.2'),
('ZTE', 'Nubia Z5 mini', '4.2'),
('ZTE', 'Nubia Z5S 16Gb', '4.2'),
('ZTE', 'V795', '4.2'),
('ZTE', 'V808', '4.2'),
('ZTE', 'V880H', '4.2'),
('ZTE', 'V975 Geek', '4.2'),
('HTC', 'Desire 501 Dual Sim', '4.3'),
('HTC', 'One Max 16Gb', '4.3'),
('HTC', 'One Max 32Gb', '4.3'),
('Huawei', 'Ascend Mate2 4G', '4.3'),
('Lenovo', 'Vibe Z', '4.3'),
('Motorola', 'Moto G 16Gb', '4.3'),
('Motorola', 'Moto G 8Gb', '4.3'),
('Samsung', 'Galaxy Grand 2 SM-G7100', '4.3'),
('Samsung', 'Galaxy Grand 2 SM-G7102', '4.3'),
('Samsung', 'Galaxy Grand 2 SM-G7105', '4.3'),
('Samsung', 'Galaxy Nexus GT-I9250', '4.3'),
('Samsung', 'Galaxy Note 3 Dual Sim SM-N9002 16Gb', '4.3'),
('Samsung', 'Galaxy Note 3 Dual Sim SM-N9002 32Gb', '4.3'),
('Samsung', 'Galaxy Note 3 Dual Sim SM-N9002 64Gb', '4.3'),
('Samsung', 'Galaxy Note 3 Neo SM-N7505', '4.3'),
('Samsung', 'Galaxy Note II GT-N7100 16Gb', '4.3'),
('Samsung', 'Galaxy Note II GT-N7100 32Gb', '4.3'),
('Samsung', 'Galaxy S4 16Gb GT-I9500', '4.3'),
('Samsung', 'Galaxy S4 32Gb GT-I9500', '4.3'),
('Samsung', 'Galaxy S4 64Gb GT-I9500', '4.3'),
('Samsung', 'i9300 Galaxy S III (16Gb)', '4.3'),
('Samsung', 'N9000 Galaxy Note 3 32Gb', '4.3'),
('Samsung', 'N9005 Galaxy Note 3 16Gb', '4.3'),
('Samsung', 'N9005 Galaxy Note 3 32Gb', '4.3'),
('Sony', 'Xperia E1', '4.3'),
('Sony', 'Xperia E1 Dual', '4.3'),
('Sony', 'Xperia M2', '4.3'),
('Sony', 'Xperia M2 Dual', '4.3'),
('Sony', 'Xperia T2 Ultra', '4.3'),
('Sony', 'Xperia T2 Ultra dual', '4.3'),
('Sony', 'Xperia Z1 Compact', '4.3'),
('Vivo', 'Xplay 3S 32Gb', '4.3'),
('HTC', 'Desire 610', '4.4'),
('HTC', 'Desire 816 Dual Sim', '4.4'),
('HTC', 'One (M8) 16Gb', '4.4'),
('HTC', 'One 16Gb', '4.4'),
('HTC', 'One 64Gb', '4.4'),
('LG', 'G2 mini D618', '4.4'),
('LG', 'L40 D170', '4.4'),
('LG', 'L65 D285', '4.4'),
('LG', 'L70 D320', '4.4'),
('LG', 'L70 D325', '4.4'),
('LG', 'L90 D405', '4.4'),
('LG', 'L90 D410', '4.4'),
('LG', 'Nexus 4 16Gb', '4.4'),
('LG', 'Nexus 4 8Gb', '4.4'),
('LG', 'Nexus 5 16Gb', '4.4'),
('LG', 'Nexus 5 32Gb', '4.4'),
('Samsung', 'Galaxy S5 16Gb SM-G900F', '4.4'),
('Samsung', 'Galaxy S5 16Gb SM-G900H', '4.4'),
('Samsung', 'Galaxy S5 32Gb SM-G900F', '4.4'),
('Sony', 'Xperia Z2', '4.4'),
('Samsung', 'blablafon-S11', '3.0');

-- --------------------------------------------------------

--
-- Структура таблицы `ratings`
--

CREATE TABLE IF NOT EXISTS `ratings` (
  `id` varchar(30) NOT NULL,
  `total_votes` int(11) NOT NULL DEFAULT '0',
  `total_value` int(11) NOT NULL DEFAULT '0',
  `used_ips` longtext,
  PRIMARY KEY (`id`)
) ENGINE=MyISAM DEFAULT CHARSET=utf8;

--
-- Дамп данных таблицы `ratings`
--

INSERT INTO `ratings` (`id`, `total_votes`, `total_value`, `used_ips`) VALUES
('58', 0, 0, ''),
('45', 0, 0, ''),
('44', 0, 0, ''),
('46', 0, 0, ''),
('37', 0, 0, ''),
('38', 0, 0, ''),
('43', 1, 4, 'a:1:{i:0;s:9:"127.0.0.1";}'),
('54', 0, 0, ''),
('66', 1, 5, 'a:1:{i:0;s:9:"127.0.0.1";}'),
('48', 0, 0, ''),
('52', 0, 0, ''),
('53', 1, 4, 'a:1:{i:0;s:9:"127.0.0.1";}'),
('51', 0, 0, ''),
('49', 0, 0, ''),
('41', 0, 0, ''),
('40', 0, 0, ''),
('33', 0, 0, ''),
('36', 0, 0, ''),
('39', 0, 0, ''),
('31', 0, 0, ''),
('30', 0, 0, ''),
('32', 1, 4, 'a:1:{i:0;s:9:"127.0.0.1";}'),
('11', 1, 5, 'a:1:{i:0;s:9:"127.0.0.1";}'),
('12', 1, 5, 'a:1:{i:0;s:9:"127.0.0.1";}'),
('28', 0, 0, ''),
('14', 1, 4, 'a:1:{i:0;s:9:"127.0.0.1";}'),
('13', 1, 5, 'a:1:{i:0;s:9:"127.0.0.1";}'),
('15', 1, 4, 'a:1:{i:0;s:9:"127.0.0.1";}'),
('42', 0, 0, ''),
('47', 0, 0, ''),
('50', 0, 0, ''),
('60', 0, 0, ''),
('65', 1, 5, 'a:1:{i:0;s:9:"127.0.0.1";}');

-- --------------------------------------------------------

--
-- Структура таблицы `sub_category`
--

CREATE TABLE IF NOT EXISTS `sub_category` (
  `id_sub_cat` int(11) NOT NULL AUTO_INCREMENT,
  `title` varchar(100) NOT NULL,
  `super_cat` varchar(100) NOT NULL,
  `translit` varchar(100) NOT NULL,
  PRIMARY KEY (`id_sub_cat`)
) ENGINE=InnoDB  DEFAULT CHARSET=utf8 AUTO_INCREMENT=17 ;

--
-- Дамп данных таблицы `sub_category`
--

INSERT INTO `sub_category` (`id_sub_cat`, `title`, `super_cat`, `translit`) VALUES
(1, 'Shooter', 'Games', ''),
(2, 'Arcade', 'Games', ''),
(3, 'History', 'Films', ''),
(4, 'System', 'Program', ''),
(5, 'Comedy', 'Films', ''),
(6, 'Hot', 'News', ''),
(7, 'RPG', 'Games', ''),
(8, 'Strategy', 'Games', ''),
(9, 'Sport &amp; Health', 'Program', ''),
(10, 'Study', 'Program', ''),
(11, 'Work', 'Program', ''),
(12, 'Action', 'Games', ''),
(13, 'Puzzles', 'Games', ''),
(14, 'Board games', 'Games', ''),
(15, 'Sport games', 'Games', ''),
(16, 'Casino', 'Games', '');

-- --------------------------------------------------------

--
-- Структура таблицы `users`
--

CREATE TABLE IF NOT EXISTS `users` (
  `id` int(11) NOT NULL AUTO_INCREMENT,
  `login` varchar(15) NOT NULL,
  `email` varchar(255) NOT NULL,
  `password` varchar(15) NOT NULL,
  `avatar` varchar(255) NOT NULL,
  `group` varchar(255) NOT NULL,
  `location` varchar(255) NOT NULL,
  `android_device` varchar(255) NOT NULL,
  `apps` text NOT NULL,
  PRIMARY KEY (`id`)
) ENGINE=InnoDB  DEFAULT CHARSET=utf8 AUTO_INCREMENT=5 ;

--
-- Дамп данных таблицы `users`
--

INSERT INTO `users` (`id`, `login`, `email`, `password`, `avatar`, `group`, `location`, `android_device`, `apps`) VALUES
(1, 'admin', 'blabla@bla.bla', '1111', '', '', '', '', ''),
(2, 'CrazyJiM', '', '9999', '', '', '', '', ''),
(3, 'chmo', 'user1@ggkg.gvfghv', '1111', '', '', '', '', ''),
(4, 'sonOfABitch', 'fsdbvhjs@fb.fdsv', '12345', 'images/users/1400708139.jpg', '', 'AF', '', '');

/*!40101 SET CHARACTER_SET_CLIENT=@OLD_CHARACTER_SET_CLIENT */;
/*!40101 SET CHARACTER_SET_RESULTS=@OLD_CHARACTER_SET_RESULTS */;
/*!40101 SET COLLATION_CONNECTION=@OLD_COLLATION_CONNECTION */;
